case_id,ticker,company_name,adjudication_status,announcement_date,earliest_possible_signal_date,days_signal_before_announcement,filing_types_in_lookback,possible_signal_keywords,likely_signal_category,likely_edge_value,reason
RHC-0001-ACQUIRED-NPSP,NPSP,"NPS Pharmaceuticals, Inc.",DEAL_ANNOUNCEMENT_BASELINE_CANDIDATE,2015-01-12,,,8-K|SC 14D9,,no_public_prior_signal,NONE,No public prior signal currently identified in batch result.
RHC-0002-ACQUIRED-PCYC,PCYC,"Pharmacyclics, Inc.",DEAL_ANNOUNCEMENT_BASELINE_CANDIDATE,2015-03-06,,,8-K|SC 14D9,,no_public_prior_signal,NONE,No public prior signal currently identified in batch result.
RHC-0003-ACQUIRED-ZSPH,ZSPH,"ZS Pharma, Inc.",DEAL_ANNOUNCEMENT_BASELINE_CANDIDATE,2015-11-06,,,8-K|SC 14D9,,no_public_prior_signal,NONE,No public prior signal currently identified in batch result.
RHC-0004-ACQUIRED-ANAC,ANAC,"Anacor Pharmaceuticals, Inc.",DEAL_ANNOUNCEMENT_BASELINE_CANDIDATE,2016-05-16,,,8-K|SC 14D9,,no_public_prior_signal,NONE,No public prior signal currently identified in batch result.
RHC-0005-ACQUIRED-CPXX,CPXX,"Celator Pharmaceuticals, Inc.",RIGHTS_LANGUAGE_ONLY,2016-05-31,2016-03-23,69,8-K|10-K|DEF 14A|10-Q|SC 13D/A,right of first refusal,rights_language,NONE,Rights-language hit appears legal or generic rather than whole-company process evidence.
RHC-0006-ACQUIRED-MDVN,MDVN,"Medivation, Inc.",TRUE_PUBLIC_PRIOR_SIGNAL,2016-08-22,2016-04-28,116,10-K|8-K|DEF 14A|10-Q|SC 14D9,proposal from|proposal to acquire|proposal from|unsolicited proposal|proposal to acquire|proposal to acquire|unsolicited proposal|strategic alternatives,unsolicited_proposal,HIGH,Adjudicated as public prior signal; category inferred as unsolicited_proposal. Earliest signal was 116 days before announcement.
RHC-0007-ACQUIRED-RLYP,RLYP,"Relypsa, Inc.",DEAL_ANNOUNCEMENT_BASELINE_CANDIDATE,2016-07-21,,,8-K|SC 13D/A|10-K|DEF 14A|10-Q,,no_public_prior_signal,NONE,No public prior signal currently identified in batch result.
RHC-0008-ACQUIRED-TBRA,TBRA,"Tobira Therapeutics, Inc.",PRIVATE_BACKGROUND_ONLY,2016-09-20,,,8-K|SC 14D9,,private_background_only,NONE,Signal appears in transaction-background narrative but was not public before announcement.
RHC-0009-ACQUIRED-VTAE,VTAE,"Vitae Pharmaceuticals, Inc.",DEAL_ANNOUNCEMENT_BASELINE_CANDIDATE,2016-09-14,,,8-K|DEF 14A|10-Q|10-K,,no_public_prior_signal,NONE,No public prior signal currently identified in batch result.
RHC-0010-ACQUIRED-ARIA,ARIA,"ARIAD Pharmaceuticals, Inc.",PRIVATE_BACKGROUND_ONLY,2017-01-09,,,8-K|SC 14D9,,private_background_only,NONE,Signal appears in transaction-background narrative but was not public before announcement.
RHC-0011-ACQUIRED-CLCD,CLCD,"CoLucid Pharmaceuticals, Inc.",DEAL_ANNOUNCEMENT_BASELINE_CANDIDATE,2017-01-18,,,8-K|SC 13D|10-Q,,no_public_prior_signal,NONE,No public prior signal currently identified in batch result.
RHC-0012-ACQUIRED-DMTX,DMTX,"Dimension Therapeutics, Inc.",TRUE_PUBLIC_PRIOR_SIGNAL,2017-10-03,2017-08-25,39,DEF 14A|8-K|10-Q|10-K,acquisition proposal|financial advisor|right of first refusal|superior proposal|unsolicited proposal|financial advisor|proposal from|unsolicited proposal|financial advisor|proposal from|superior proposal|unsolicited proposal|proposal to acquire|superior proposal|unsolicited proposal,superior_proposal,HIGH,Adjudicated as public prior signal; category inferred as superior_proposal. Earliest signal was 39 days before announcement.
RHC-0013-ACQUIRED-KITE,KITE,"Kite Pharma, Inc.",PRIVATE_BACKGROUND_ONLY,2017-08-28,,,8-K|SC 14D9,,private_background_only,NONE,Signal appears in transaction-background narrative but was not public before announcement.
RHC-0014-ACQUIRED-AVXS,AVXS,"AveXis, Inc.",DEAL_ANNOUNCEMENT_BASELINE_CANDIDATE,2018-04-09,,,8-K|10-Q|SC 13D/A|10-K|DEF 14A,,no_public_prior_signal,NONE,No public prior signal currently identified in batch result.
RHC-0015-ACQUIRED-BIVV,BIVV,Bioverativ Inc.,PRIVATE_BACKGROUND_ONLY,2018-01-22,,,8-K|SC 14D9,,private_background_only,NONE,Signal appears in transaction-background narrative but was not public before announcement.
RHC-0016-ACQUIRED-CASC,CASC,"Cascadian Therapeutics, Inc.",DEAL_ANNOUNCEMENT_BASELINE_CANDIDATE,2018-01-31,,,8-K|SC 13D/A|10-Q|10-K|DEF 14A|SC 13D,,no_public_prior_signal,NONE,No public prior signal currently identified in batch result.
RHC-0017-ACQUIRED-JUNO,JUNO,"Juno Therapeutics, Inc.",PRIVATE_BACKGROUND_ONLY,2018-01-22,,,8-K|SC 14D9,,private_background_only,NONE,Signal appears in transaction-background narrative but was not public before announcement.
RHC-0018-ACQUIRED-RXDX,RXDX,"Ignyta, Inc.",DEAL_ANNOUNCEMENT_BASELINE_CANDIDATE,2017-12-22,,,8-K|10-Q|10-K|DEF 14A,,no_public_prior_signal,NONE,No public prior signal currently identified in batch result.
RHC-0019-ACQUIRED-ALDR,ALDR,Alder BioPharmaceuticals,DEAL_ANNOUNCEMENT_BASELINE_CANDIDATE,2019-09-16,,,8-K|SC 13D|SC 13D/A|DEF 14A|10-Q|10-K,,no_public_prior_signal,NONE,No public prior signal currently identified in batch result.
RHC-0020-ACQUIRED-ARRY,ARRY,Array BioPharma Inc.,ASSET_SPECIFIC_RIGHTS_ONLY,2019-06-17,2018-02-06,496,8-K|10-Q|10-K|DEF 14A,right of first refusal,asset_specific_rights,NONE,"Rights signal appears limited to an asset or program, not a company-level sale process."
RHC-0021-ACQUIRED-CMTA,CMTA,Clementia Pharmaceuticals Inc.,DEAL_ANNOUNCEMENT_BASELINE_CANDIDATE,2019-02-25,,,SC 13D/A,,no_public_prior_signal,NONE,No public prior signal currently identified in batch result.
RHC-0022-ACQUIRED-LOXO,LOXO,"Loxo Oncology, Inc.",DEAL_ANNOUNCEMENT_BASELINE_CANDIDATE,2019-01-07,,,8-K|10-Q|SC 13D/A|10-K|DEF 14A,,no_public_prior_signal,NONE,No public prior signal currently identified in batch result.
RHC-0023-ACQUIRED-NITE,NITE,Nightstar Therapeutics plc,DEAL_ANNOUNCEMENT_BASELINE_CANDIDATE,2019-03-04,,,SC 13D|SC 13D/A,,no_public_prior_signal,NONE,No public prior signal currently identified in batch result.
RHC-0024-ACQUIRED-ONCE,ONCE,"Spark Therapeutics, Inc.",DEAL_ANNOUNCEMENT_BASELINE_CANDIDATE,2019-02-25,,,10-Q|8-K|10-K|SC 13D/A|DEF 14A,,no_public_prior_signal,NONE,No public prior signal currently identified in batch result.
RHC-0025-ACQUIRED-TSRO,TSRO,"TESARO, Inc.",TRUE_PUBLIC_PRIOR_SIGNAL,2018-12-03,2018-11-16,17,NEWS|8-K/A|SC 14D9,explore potential sale,sale_process_media_report,HIGH,Adjudicated as public prior signal; category inferred as sale_process_media_report. Earliest signal was 17 days before announcement.
RHC-0026-ACQUIRED-ACHN,ACHN,Achillion Pharmaceuticals,DEAL_ANNOUNCEMENT_BASELINE_CANDIDATE,2020-01-15,,,,,no_public_prior_signal,NONE,No public prior signal currently identified in batch result.
RHC-0027-ACQUIRED-BOLD,BOLD,"Audentes Therapeutics, Inc.",DEAL_ANNOUNCEMENT_BASELINE_CANDIDATE,2019-12-02,,,,,no_public_prior_signal,NONE,No public prior signal currently identified in batch result.
RHC-0028-ACQUIRED-DERM,DERM,Dermira,DEAL_ANNOUNCEMENT_BASELINE_CANDIDATE,2020-01-10,,,,,no_public_prior_signal,NONE,No public prior signal currently identified in batch result.
RHC-0029-ACQUIRED-FTSV,FTSV,"Forty Seven, Inc.",PRIVATE_BACKGROUND_ONLY,2020-03-02,,,SC 14D-9,,private_background_only,NONE,Signal appears in transaction-background narrative but was not public before announcement.
RHC-0030-ACQUIRED-MNTA,MNTA,"Momenta Pharmaceuticals, Inc.",DEAL_ANNOUNCEMENT_BASELINE_CANDIDATE,2020-08-19,,,,,no_public_prior_signal,NONE,No public prior signal currently identified in batch result.
RHC-0031-ACQUIRED-MYOK,MYOK,"MyoKardia, Inc.",DEAL_ANNOUNCEMENT_BASELINE_CANDIDATE,2020-10-05,,,8-K,,no_public_prior_signal,NONE,No public prior signal currently identified in batch result.
RHC-0032-ACQUIRED-PGNX,PGNX,Progenics Pharmaceuticals,DEAL_ANNOUNCEMENT_BASELINE_CANDIDATE,2019-10-01,,,,,no_public_prior_signal,NONE,No public prior signal currently identified in batch result.
RHC-0033-ACQUIRED-PRNB,PRNB,Principia Biopharma Inc.,PRIVATE_BACKGROUND_ONLY,2020-08-16,,,SC 14D-9,,private_background_only,NONE,Signal appears in transaction-background narrative but was not public before announcement.
RHC-0034-ACQUIRED-PRVL,PRVL,Prevail Therapeutics Inc.,DEAL_ANNOUNCEMENT_BASELINE_CANDIDATE,2020-12-14,,,,,no_public_prior_signal,NONE,No public prior signal currently identified in batch result.
RHC-0035-ACQUIRED-ADMS,ADMS,Adamas Pharmaceuticals,DEAL_ANNOUNCEMENT_BASELINE_CANDIDATE,2021-10-11,,,SC 14D-9,,no_public_prior_signal,NONE,No public prior signal currently identified in batch result.
RHC-0036-ACQUIRED-DOVA,DOVA,Dova Pharmaceuticals,DEAL_ANNOUNCEMENT_BASELINE_CANDIDATE,2019-09-30,,,8-K,,no_public_prior_signal,NONE,No public prior signal currently identified in batch result.
RHC-0037-ACQUIRED-DRNA,DRNA,"Dicerna Pharmaceuticals, Inc.",DEAL_ANNOUNCEMENT_BASELINE_CANDIDATE,2021-11-17,,,,,no_public_prior_signal,NONE,No public prior signal currently identified in batch result.
RHC-0038-ACQUIRED-FLXN,FLXN,Flexion Therapeutics,DEAL_ANNOUNCEMENT_BASELINE_CANDIDATE,2021-10-11,,,8-K,,no_public_prior_signal,NONE,No public prior signal currently identified in batch result.
RHC-0039-ACQUIRED-FPRX,FPRX,"Five Prime Therapeutics, Inc.",DEAL_ANNOUNCEMENT_BASELINE_CANDIDATE,2021-03-04,,,,,no_public_prior_signal,NONE,No public prior signal currently identified in batch result.
RHC-0040-ACQUIRED-GWPH,GWPH,GW Pharmaceuticals plc,DEAL_ANNOUNCEMENT_BASELINE_CANDIDATE,2021-02-03,,,,,no_public_prior_signal,NONE,No public prior signal currently identified in batch result.
RHC-0041-ACQUIRED-PAND,PAND,Pandion Therapeutics,DEAL_ANNOUNCEMENT_BASELINE_CANDIDATE,2021-02-24,,,,,no_public_prior_signal,NONE,No public prior signal currently identified in batch result.
RHC-0043-ACQUIRED-TRIL,TRIL,Trillium Therapeutics Inc.,PRIVATE_BACKGROUND_ONLY,2021-08-23,,,6-K,,private_background_only,NONE,Signal appears in transaction-background narrative but was not public before announcement.
RHC-0044-ACQUIRED-VIE,VIE,"Viela Bio, Inc.",DEAL_ANNOUNCEMENT_BASELINE_CANDIDATE,2021-01-31,,,,,no_public_prior_signal,NONE,No public prior signal currently identified in batch result.
RHC-0045-ACQUIRED-XLRN,XLRN,Acceleron Pharma Inc.,ASSET_SPECIFIC_RIGHTS_ONLY,2021-09-29,,,10-K,,asset_specific_rights,NONE,"Rights signal appears limited to an asset or program, not a company-level sale process."
RHC-0046-ACQUIRED-ATRS,ATRS,Antares Pharma,DEAL_ANNOUNCEMENT_BASELINE_CANDIDATE,2022-04-12,,,,,no_public_prior_signal,NONE,No public prior signal currently identified in batch result.
RHC-0047-ACQUIRED-AVEO,AVEO,AVEO Oncology,DEAL_ANNOUNCEMENT_BASELINE_CANDIDATE,2022-10-18,,,,,no_public_prior_signal,NONE,No public prior signal currently identified in batch result.
RHC-0048-ACQUIRED-BHVN,BHVN,Biohaven Pharmaceutical Holding Company Ltd.,DEAL_ANNOUNCEMENT_BASELINE_CANDIDATE,2022-05-09,,,,,no_public_prior_signal,NONE,No public prior signal currently identified in batch result.
RHC-0049-ACQUIRED-CCXI,CCXI,"ChemoCentryx, Inc.",DEAL_ANNOUNCEMENT_BASELINE_CANDIDATE,2022-08-03,,,,,no_public_prior_signal,NONE,No public prior signal currently identified in batch result.
RHC-0050-ACQUIRED-CMPI,CMPI,Checkmate Pharmaceuticals,DEAL_ANNOUNCEMENT_BASELINE_CANDIDATE,2022-04-18,,,,,no_public_prior_signal,NONE,No public prior signal currently identified in batch result.
RHC-0042-ACQUIRED-PTLA,PTLA,Portola Pharmaceuticals,DATE_MISSING,,,,,,unclear,NONE,Announcement date missing; timing and prior-signal interpretation are incomplete.
