case_id,ticker,company_name,acquisition_announcement_date,possible_prior_signal,prior_signal_type,prior_signal_date,source_url_if_found,source_query_if_not_found,confidence,recommended_next_action,notes
RHC-0001-ACQUIRED-NPSP,NPSP,"NPS Pharmaceuticals, Inc.",2015-01-12,NO_LOCAL_PRIOR_SIGNAL_FOUND,none found,,,prior_process: https://efts.sec.gov/LATEST/search-index?q=NPSP+%22NPS+Pharmaceuticals%2C+Inc.%22+%22strategic+alternatives%22+OR+%22financial+advisor%22+OR+%22prior+outreach%22+OR+%22competing+bids%22+OR+%22Item+4%22+OR+%22right+of+first+refusal%22+OR+%22right+of+first+negotiation%22&forms=8-K%2C10-Q%2C10-K%2CSC+13D%2CSC+13D%2FA%2CDEFM14A%2CDEF+14A&dateRange=custom&startdt=2015-01-01&enddt=2015-12-31 || prior_13d: https://efts.sec.gov/LATEST/search-index?q=NPSP+%22NPS+Pharmaceuticals%2C+Inc.%22+%22Item+4%22+OR+%22strategic+alternatives%22+OR+%22maximize+shareholder+value%22&forms=SC+13D%2CSC+13D%2FA&dateRange=custom&startdt=2015-01-01&enddt=2015-12-31 || prior_rofr: https://efts.sec.gov/LATEST/search-index?q=NPSP+%22NPS+Pharmaceuticals%2C+Inc.%22+%22right+of+first+refusal%22+OR+%22right+of+first+negotiation%22+OR+%22option+to+acquire%22&forms=8-K%2C10-K%2C10-Q%2CEX-10&dateRange=custom&startdt=2015-01-01&enddt=2015-12-31,MEDIUM,Run targeted pre-announcement EDGAR searches and record manual no-hit evidence before treating acquisition announcement as first public signal.,"No public pre-announcement process signal was detected in the extracted background section. Private outreach, negotiations, diligence, and bid activity disclosed later are not public t=0 signals, so the acquisition announcement date remains the observation_date_candidate."
RHC-0002-ACQUIRED-PCYC,PCYC,"Pharmacyclics, Inc.",2015-03-06,NO_LOCAL_PRIOR_SIGNAL_FOUND,none found,,,prior_process: https://efts.sec.gov/LATEST/search-index?q=PCYC+%22Pharmacyclics%2C+Inc.%22+%22strategic+alternatives%22+OR+%22financial+advisor%22+OR+%22prior+outreach%22+OR+%22competing+bids%22+OR+%22Item+4%22+OR+%22right+of+first+refusal%22+OR+%22right+of+first+negotiation%22&forms=8-K%2C10-Q%2C10-K%2CSC+13D%2CSC+13D%2FA%2CDEFM14A%2CDEF+14A&dateRange=custom&startdt=2015-01-01&enddt=2015-12-31 || prior_13d: https://efts.sec.gov/LATEST/search-index?q=PCYC+%22Pharmacyclics%2C+Inc.%22+%22Item+4%22+OR+%22strategic+alternatives%22+OR+%22maximize+shareholder+value%22&forms=SC+13D%2CSC+13D%2FA&dateRange=custom&startdt=2015-01-01&enddt=2015-12-31 || prior_rofr: https://efts.sec.gov/LATEST/search-index?q=PCYC+%22Pharmacyclics%2C+Inc.%22+%22right+of+first+refusal%22+OR+%22right+of+first+negotiation%22+OR+%22option+to+acquire%22&forms=8-K%2C10-K%2C10-Q%2CEX-10&dateRange=custom&startdt=2015-01-01&enddt=2015-12-31,MEDIUM,Run targeted pre-announcement EDGAR searches and record manual no-hit evidence before treating acquisition announcement as first public signal.,"No public pre-announcement process signal was detected in the extracted background section. Private outreach, negotiations, diligence, and bid activity disclosed later are not public t=0 signals, so the acquisition announcement date remains the observation_date_candidate."
RHC-0003-ACQUIRED-ZSPH,ZSPH,"ZS Pharma, Inc.",2015-11-06,NO_LOCAL_PRIOR_SIGNAL_FOUND,none found,,,prior_process: https://efts.sec.gov/LATEST/search-index?q=ZSPH+%22ZS+Pharma%2C+Inc.%22+%22strategic+alternatives%22+OR+%22financial+advisor%22+OR+%22prior+outreach%22+OR+%22competing+bids%22+OR+%22Item+4%22+OR+%22right+of+first+refusal%22+OR+%22right+of+first+negotiation%22&forms=8-K%2C10-Q%2C10-K%2CSC+13D%2CSC+13D%2FA%2CDEFM14A%2CDEF+14A&dateRange=custom&startdt=2015-01-01&enddt=2015-12-31 || prior_13d: https://efts.sec.gov/LATEST/search-index?q=ZSPH+%22ZS+Pharma%2C+Inc.%22+%22Item+4%22+OR+%22strategic+alternatives%22+OR+%22maximize+shareholder+value%22&forms=SC+13D%2CSC+13D%2FA&dateRange=custom&startdt=2015-01-01&enddt=2015-12-31 || prior_rofr: https://efts.sec.gov/LATEST/search-index?q=ZSPH+%22ZS+Pharma%2C+Inc.%22+%22right+of+first+refusal%22+OR+%22right+of+first+negotiation%22+OR+%22option+to+acquire%22&forms=8-K%2C10-K%2C10-Q%2CEX-10&dateRange=custom&startdt=2015-01-01&enddt=2015-12-31,MEDIUM,Run targeted pre-announcement EDGAR searches and record manual no-hit evidence before treating acquisition announcement as first public signal.,"No public pre-announcement process signal was detected in the extracted background section. Private outreach, negotiations, diligence, and bid activity disclosed later are not public t=0 signals, so the acquisition announcement date remains the observation_date_candidate."
RHC-0004-ACQUIRED-ANAC,ANAC,"Anacor Pharmaceuticals, Inc.",2016-05-16,NO_LOCAL_PRIOR_SIGNAL_FOUND,none found,,,prior_process: https://efts.sec.gov/LATEST/search-index?q=ANAC+%22Anacor+Pharmaceuticals%2C+Inc.%22+%22strategic+alternatives%22+OR+%22financial+advisor%22+OR+%22prior+outreach%22+OR+%22competing+bids%22+OR+%22Item+4%22+OR+%22right+of+first+refusal%22+OR+%22right+of+first+negotiation%22&forms=8-K%2C10-Q%2C10-K%2CSC+13D%2CSC+13D%2FA%2CDEFM14A%2CDEF+14A&dateRange=custom&startdt=2015-01-01&enddt=2016-12-31 || prior_13d: https://efts.sec.gov/LATEST/search-index?q=ANAC+%22Anacor+Pharmaceuticals%2C+Inc.%22+%22Item+4%22+OR+%22strategic+alternatives%22+OR+%22maximize+shareholder+value%22&forms=SC+13D%2CSC+13D%2FA&dateRange=custom&startdt=2015-01-01&enddt=2016-12-31 || prior_rofr: https://efts.sec.gov/LATEST/search-index?q=ANAC+%22Anacor+Pharmaceuticals%2C+Inc.%22+%22right+of+first+refusal%22+OR+%22right+of+first+negotiation%22+OR+%22option+to+acquire%22&forms=8-K%2C10-K%2C10-Q%2CEX-10&dateRange=custom&startdt=2015-01-01&enddt=2016-12-31,MEDIUM,Run targeted pre-announcement EDGAR searches and record manual no-hit evidence before treating acquisition announcement as first public signal.,"No public pre-announcement process signal was detected in the extracted background section. Private outreach, negotiations, diligence, and bid activity disclosed later are not public t=0 signals, so the acquisition announcement date remains the observation_date_candidate."
RHC-0005-ACQUIRED-CPXX,CPXX,"Celator Pharmaceuticals, Inc.",,SEARCH_TARGET_ONLY,targeted public pre-announcement signal search,,,prior_process: https://efts.sec.gov/LATEST/search-index?q=CPXX+%22Celator+Pharmaceuticals%2C+Inc.%22+%22strategic+alternatives%22+OR+%22financial+advisor%22+OR+%22prior+outreach%22+OR+%22competing+bids%22+OR+%22Item+4%22+OR+%22right+of+first+refusal%22+OR+%22right+of+first+negotiation%22&forms=8-K%2C10-Q%2C10-K%2CSC+13D%2CSC+13D%2FA%2CDEFM14A%2CDEF+14A&dateRange=custom&startdt=2015-01-01&enddt=2016-12-31 || prior_13d: https://efts.sec.gov/LATEST/search-index?q=CPXX+%22Celator+Pharmaceuticals%2C+Inc.%22+%22Item+4%22+OR+%22strategic+alternatives%22+OR+%22maximize+shareholder+value%22&forms=SC+13D%2CSC+13D%2FA&dateRange=custom&startdt=2015-01-01&enddt=2016-12-31 || prior_rofr: https://efts.sec.gov/LATEST/search-index?q=CPXX+%22Celator+Pharmaceuticals%2C+Inc.%22+%22right+of+first+refusal%22+OR+%22right+of+first+negotiation%22+OR+%22option+to+acquire%22&forms=8-K%2C10-K%2C10-Q%2CEX-10&dateRange=custom&startdt=2015-01-01&enddt=2016-12-31,LOW,"Start with merger proxy or Schedule 14D-9 background, then run targeted pre-announcement EDGAR searches.",No local source-backed prior public signal found yet. Search target generated only.
RHC-0006-ACQUIRED-MDVN,MDVN,"Medivation, Inc.",2016-08-22,POSSIBLE_FOUND_PUBLIC,outreach / competing bids,2016-04-28,https://www.sec.gov/Archives/edgar/data/1011835/000119312516696911/d234696dsc14d9.htm,,MEDIUM,"Open contemporaneous public source for the prior signal, confirm date and excerpt, then keep label below VERIFIED until independently checked.","On April 28, 2016, Sanofi issued a press release publicly announcing Sanofi’s $52.50 proposal."
RHC-0007-ACQUIRED-RLYP,RLYP,"Relypsa, Inc.",,SEARCH_TARGET_ONLY,targeted public pre-announcement signal search,,,prior_process: https://efts.sec.gov/LATEST/search-index?q=RLYP+%22Relypsa%2C+Inc.%22+%22strategic+alternatives%22+OR+%22financial+advisor%22+OR+%22prior+outreach%22+OR+%22competing+bids%22+OR+%22Item+4%22+OR+%22right+of+first+refusal%22+OR+%22right+of+first+negotiation%22&forms=8-K%2C10-Q%2C10-K%2CSC+13D%2CSC+13D%2FA%2CDEFM14A%2CDEF+14A&dateRange=custom&startdt=2015-01-01&enddt=2016-12-31 || prior_13d: https://efts.sec.gov/LATEST/search-index?q=RLYP+%22Relypsa%2C+Inc.%22+%22Item+4%22+OR+%22strategic+alternatives%22+OR+%22maximize+shareholder+value%22&forms=SC+13D%2CSC+13D%2FA&dateRange=custom&startdt=2015-01-01&enddt=2016-12-31 || prior_rofr: https://efts.sec.gov/LATEST/search-index?q=RLYP+%22Relypsa%2C+Inc.%22+%22right+of+first+refusal%22+OR+%22right+of+first+negotiation%22+OR+%22option+to+acquire%22&forms=8-K%2C10-K%2C10-Q%2CEX-10&dateRange=custom&startdt=2015-01-01&enddt=2016-12-31,LOW,"Start with merger proxy or Schedule 14D-9 background, then run targeted pre-announcement EDGAR searches.",No local source-backed prior public signal found yet. Search target generated only.
RHC-0008-ACQUIRED-TBRA,TBRA,"Tobira Therapeutics, Inc.",2016-09-20,NO_LOCAL_PRIOR_SIGNAL_FOUND,none found,,,prior_process: https://efts.sec.gov/LATEST/search-index?q=TBRA+%22Tobira+Therapeutics%2C+Inc.%22+%22strategic+alternatives%22+OR+%22financial+advisor%22+OR+%22prior+outreach%22+OR+%22competing+bids%22+OR+%22Item+4%22+OR+%22right+of+first+refusal%22+OR+%22right+of+first+negotiation%22&forms=8-K%2C10-Q%2C10-K%2CSC+13D%2CSC+13D%2FA%2CDEFM14A%2CDEF+14A&dateRange=custom&startdt=2015-01-01&enddt=2016-12-31 || prior_13d: https://efts.sec.gov/LATEST/search-index?q=TBRA+%22Tobira+Therapeutics%2C+Inc.%22+%22Item+4%22+OR+%22strategic+alternatives%22+OR+%22maximize+shareholder+value%22&forms=SC+13D%2CSC+13D%2FA&dateRange=custom&startdt=2015-01-01&enddt=2016-12-31 || prior_rofr: https://efts.sec.gov/LATEST/search-index?q=TBRA+%22Tobira+Therapeutics%2C+Inc.%22+%22right+of+first+refusal%22+OR+%22right+of+first+negotiation%22+OR+%22option+to+acquire%22&forms=8-K%2C10-K%2C10-Q%2CEX-10&dateRange=custom&startdt=2015-01-01&enddt=2016-12-31,LOW,Run targeted pre-announcement EDGAR searches and record manual no-hit evidence before treating acquisition announcement as first public signal.,"No source-backed public pre-announcement process signal was found in the available background excerpt. Private negotiations disclosed after announcement are not used as observation dates, so default to the acquisition announcement date pending manual no-hit confirmation."
RHC-0009-ACQUIRED-VTAE,VTAE,"Vitae Pharmaceuticals, Inc.",,SEARCH_TARGET_ONLY,targeted public pre-announcement signal search,,,prior_process: https://efts.sec.gov/LATEST/search-index?q=VTAE+%22Vitae+Pharmaceuticals%2C+Inc.%22+%22strategic+alternatives%22+OR+%22financial+advisor%22+OR+%22prior+outreach%22+OR+%22competing+bids%22+OR+%22Item+4%22+OR+%22right+of+first+refusal%22+OR+%22right+of+first+negotiation%22&forms=8-K%2C10-Q%2C10-K%2CSC+13D%2CSC+13D%2FA%2CDEFM14A%2CDEF+14A&dateRange=custom&startdt=2015-01-01&enddt=2016-12-31 || prior_13d: https://efts.sec.gov/LATEST/search-index?q=VTAE+%22Vitae+Pharmaceuticals%2C+Inc.%22+%22Item+4%22+OR+%22strategic+alternatives%22+OR+%22maximize+shareholder+value%22&forms=SC+13D%2CSC+13D%2FA&dateRange=custom&startdt=2015-01-01&enddt=2016-12-31 || prior_rofr: https://efts.sec.gov/LATEST/search-index?q=VTAE+%22Vitae+Pharmaceuticals%2C+Inc.%22+%22right+of+first+refusal%22+OR+%22right+of+first+negotiation%22+OR+%22option+to+acquire%22&forms=8-K%2C10-K%2C10-Q%2CEX-10&dateRange=custom&startdt=2015-01-01&enddt=2016-12-31,LOW,"Start with merger proxy or Schedule 14D-9 background, then run targeted pre-announcement EDGAR searches.",No local source-backed prior public signal found yet. Search target generated only.
RHC-0010-ACQUIRED-ARIA,ARIA,"ARIAD Pharmaceuticals, Inc.",2017-01-09,NO_LOCAL_PRIOR_SIGNAL_FOUND,none found,,,prior_process: https://efts.sec.gov/LATEST/search-index?q=ARIA+%22ARIAD+Pharmaceuticals%2C+Inc.%22+%22strategic+alternatives%22+OR+%22financial+advisor%22+OR+%22prior+outreach%22+OR+%22competing+bids%22+OR+%22Item+4%22+OR+%22right+of+first+refusal%22+OR+%22right+of+first+negotiation%22&forms=8-K%2C10-Q%2C10-K%2CSC+13D%2CSC+13D%2FA%2CDEFM14A%2CDEF+14A&dateRange=custom&startdt=2015-01-01&enddt=2017-12-31 || prior_13d: https://efts.sec.gov/LATEST/search-index?q=ARIA+%22ARIAD+Pharmaceuticals%2C+Inc.%22+%22Item+4%22+OR+%22strategic+alternatives%22+OR+%22maximize+shareholder+value%22&forms=SC+13D%2CSC+13D%2FA&dateRange=custom&startdt=2015-01-01&enddt=2017-12-31 || prior_rofr: https://efts.sec.gov/LATEST/search-index?q=ARIA+%22ARIAD+Pharmaceuticals%2C+Inc.%22+%22right+of+first+refusal%22+OR+%22right+of+first+negotiation%22+OR+%22option+to+acquire%22&forms=8-K%2C10-K%2C10-Q%2CEX-10&dateRange=custom&startdt=2015-01-01&enddt=2017-12-31,LOW,Run targeted pre-announcement EDGAR searches and record manual no-hit evidence before treating acquisition announcement as first public signal.,"No source-backed public pre-announcement process signal was found in the available background excerpt. Private negotiations disclosed after announcement are not used as observation dates, so default to the acquisition announcement date pending manual no-hit confirmation."
RHC-0011-ACQUIRED-CLCD,CLCD,"CoLucid Pharmaceuticals, Inc.",,SEARCH_TARGET_ONLY,targeted public pre-announcement signal search,,,prior_process: https://efts.sec.gov/LATEST/search-index?q=CLCD+%22CoLucid+Pharmaceuticals%2C+Inc.%22+%22strategic+alternatives%22+OR+%22financial+advisor%22+OR+%22prior+outreach%22+OR+%22competing+bids%22+OR+%22Item+4%22+OR+%22right+of+first+refusal%22+OR+%22right+of+first+negotiation%22&forms=8-K%2C10-Q%2C10-K%2CSC+13D%2CSC+13D%2FA%2CDEFM14A%2CDEF+14A&dateRange=custom&startdt=2015-01-01&enddt=2017-12-31 || prior_13d: https://efts.sec.gov/LATEST/search-index?q=CLCD+%22CoLucid+Pharmaceuticals%2C+Inc.%22+%22Item+4%22+OR+%22strategic+alternatives%22+OR+%22maximize+shareholder+value%22&forms=SC+13D%2CSC+13D%2FA&dateRange=custom&startdt=2015-01-01&enddt=2017-12-31 || prior_rofr: https://efts.sec.gov/LATEST/search-index?q=CLCD+%22CoLucid+Pharmaceuticals%2C+Inc.%22+%22right+of+first+refusal%22+OR+%22right+of+first+negotiation%22+OR+%22option+to+acquire%22&forms=8-K%2C10-K%2C10-Q%2CEX-10&dateRange=custom&startdt=2015-01-01&enddt=2017-12-31,LOW,"Start with merger proxy or Schedule 14D-9 background, then run targeted pre-announcement EDGAR searches.",No local source-backed prior public signal found yet. Search target generated only.
RHC-0012-ACQUIRED-DMTX,DMTX,"Dimension Therapeutics, Inc.",,SEARCH_TARGET_ONLY,targeted public pre-announcement signal search,,,prior_process: https://efts.sec.gov/LATEST/search-index?q=DMTX+%22Dimension+Therapeutics%2C+Inc.%22+%22strategic+alternatives%22+OR+%22financial+advisor%22+OR+%22prior+outreach%22+OR+%22competing+bids%22+OR+%22Item+4%22+OR+%22right+of+first+refusal%22+OR+%22right+of+first+negotiation%22&forms=8-K%2C10-Q%2C10-K%2CSC+13D%2CSC+13D%2FA%2CDEFM14A%2CDEF+14A&dateRange=custom&startdt=2015-01-01&enddt=2017-12-31 || prior_13d: https://efts.sec.gov/LATEST/search-index?q=DMTX+%22Dimension+Therapeutics%2C+Inc.%22+%22Item+4%22+OR+%22strategic+alternatives%22+OR+%22maximize+shareholder+value%22&forms=SC+13D%2CSC+13D%2FA&dateRange=custom&startdt=2015-01-01&enddt=2017-12-31 || prior_rofr: https://efts.sec.gov/LATEST/search-index?q=DMTX+%22Dimension+Therapeutics%2C+Inc.%22+%22right+of+first+refusal%22+OR+%22right+of+first+negotiation%22+OR+%22option+to+acquire%22&forms=8-K%2C10-K%2C10-Q%2CEX-10&dateRange=custom&startdt=2015-01-01&enddt=2017-12-31,LOW,"Start with merger proxy or Schedule 14D-9 background, then run targeted pre-announcement EDGAR searches.",No local source-backed prior public signal found yet. Search target generated only.
RHC-0013-ACQUIRED-KITE,KITE,"Kite Pharma, Inc.",2017-08-28,NO_LOCAL_PRIOR_SIGNAL_FOUND,none found,,,prior_process: https://efts.sec.gov/LATEST/search-index?q=KITE+%22Kite+Pharma%2C+Inc.%22+%22strategic+alternatives%22+OR+%22financial+advisor%22+OR+%22prior+outreach%22+OR+%22competing+bids%22+OR+%22Item+4%22+OR+%22right+of+first+refusal%22+OR+%22right+of+first+negotiation%22&forms=8-K%2C10-Q%2C10-K%2CSC+13D%2CSC+13D%2FA%2CDEFM14A%2CDEF+14A&dateRange=custom&startdt=2015-01-01&enddt=2017-12-31 || prior_13d: https://efts.sec.gov/LATEST/search-index?q=KITE+%22Kite+Pharma%2C+Inc.%22+%22Item+4%22+OR+%22strategic+alternatives%22+OR+%22maximize+shareholder+value%22&forms=SC+13D%2CSC+13D%2FA&dateRange=custom&startdt=2015-01-01&enddt=2017-12-31 || prior_rofr: https://efts.sec.gov/LATEST/search-index?q=KITE+%22Kite+Pharma%2C+Inc.%22+%22right+of+first+refusal%22+OR+%22right+of+first+negotiation%22+OR+%22option+to+acquire%22&forms=8-K%2C10-K%2C10-Q%2CEX-10&dateRange=custom&startdt=2015-01-01&enddt=2017-12-31,LOW,Run targeted pre-announcement EDGAR searches and record manual no-hit evidence before treating acquisition announcement as first public signal.,"No source-backed public pre-announcement process signal was found in the available background excerpt. Private negotiations disclosed after announcement are not used as observation dates, so default to the acquisition announcement date pending manual no-hit confirmation."
RHC-0014-ACQUIRED-AVXS,AVXS,"AveXis, Inc.",,SEARCH_TARGET_ONLY,targeted public pre-announcement signal search,,,prior_process: https://efts.sec.gov/LATEST/search-index?q=AVXS+%22AveXis%2C+Inc.%22+%22strategic+alternatives%22+OR+%22financial+advisor%22+OR+%22prior+outreach%22+OR+%22competing+bids%22+OR+%22Item+4%22+OR+%22right+of+first+refusal%22+OR+%22right+of+first+negotiation%22&forms=8-K%2C10-Q%2C10-K%2CSC+13D%2CSC+13D%2FA%2CDEFM14A%2CDEF+14A&dateRange=custom&startdt=2015-01-01&enddt=2018-12-31 || prior_13d: https://efts.sec.gov/LATEST/search-index?q=AVXS+%22AveXis%2C+Inc.%22+%22Item+4%22+OR+%22strategic+alternatives%22+OR+%22maximize+shareholder+value%22&forms=SC+13D%2CSC+13D%2FA&dateRange=custom&startdt=2015-01-01&enddt=2018-12-31 || prior_rofr: https://efts.sec.gov/LATEST/search-index?q=AVXS+%22AveXis%2C+Inc.%22+%22right+of+first+refusal%22+OR+%22right+of+first+negotiation%22+OR+%22option+to+acquire%22&forms=8-K%2C10-K%2C10-Q%2CEX-10&dateRange=custom&startdt=2015-01-01&enddt=2018-12-31,LOW,"Start with merger proxy or Schedule 14D-9 background, then run targeted pre-announcement EDGAR searches.",No local source-backed prior public signal found yet. Search target generated only.
RHC-0015-ACQUIRED-BIVV,BIVV,Bioverativ Inc.,2018-01-22,NO_LOCAL_PRIOR_SIGNAL_FOUND,none found,,,prior_process: https://efts.sec.gov/LATEST/search-index?q=BIVV+%22Bioverativ+Inc.%22+%22strategic+alternatives%22+OR+%22financial+advisor%22+OR+%22prior+outreach%22+OR+%22competing+bids%22+OR+%22Item+4%22+OR+%22right+of+first+refusal%22+OR+%22right+of+first+negotiation%22&forms=8-K%2C10-Q%2C10-K%2CSC+13D%2CSC+13D%2FA%2CDEFM14A%2CDEF+14A&dateRange=custom&startdt=2015-01-01&enddt=2018-12-31 || prior_13d: https://efts.sec.gov/LATEST/search-index?q=BIVV+%22Bioverativ+Inc.%22+%22Item+4%22+OR+%22strategic+alternatives%22+OR+%22maximize+shareholder+value%22&forms=SC+13D%2CSC+13D%2FA&dateRange=custom&startdt=2015-01-01&enddt=2018-12-31 || prior_rofr: https://efts.sec.gov/LATEST/search-index?q=BIVV+%22Bioverativ+Inc.%22+%22right+of+first+refusal%22+OR+%22right+of+first+negotiation%22+OR+%22option+to+acquire%22&forms=8-K%2C10-K%2C10-Q%2CEX-10&dateRange=custom&startdt=2015-01-01&enddt=2018-12-31,LOW,Run targeted pre-announcement EDGAR searches and record manual no-hit evidence before treating acquisition announcement as first public signal.,"No source-backed public pre-announcement process signal was found in the available background excerpt. Private negotiations disclosed after announcement are not used as observation dates, so default to the acquisition announcement date pending manual no-hit confirmation."
RHC-0016-ACQUIRED-CASC,CASC,"Cascadian Therapeutics, Inc.",,SEARCH_TARGET_ONLY,targeted public pre-announcement signal search,,,prior_process: https://efts.sec.gov/LATEST/search-index?q=CASC+%22Cascadian+Therapeutics%2C+Inc.%22+%22strategic+alternatives%22+OR+%22financial+advisor%22+OR+%22prior+outreach%22+OR+%22competing+bids%22+OR+%22Item+4%22+OR+%22right+of+first+refusal%22+OR+%22right+of+first+negotiation%22&forms=8-K%2C10-Q%2C10-K%2CSC+13D%2CSC+13D%2FA%2CDEFM14A%2CDEF+14A&dateRange=custom&startdt=2015-01-01&enddt=2018-12-31 || prior_13d: https://efts.sec.gov/LATEST/search-index?q=CASC+%22Cascadian+Therapeutics%2C+Inc.%22+%22Item+4%22+OR+%22strategic+alternatives%22+OR+%22maximize+shareholder+value%22&forms=SC+13D%2CSC+13D%2FA&dateRange=custom&startdt=2015-01-01&enddt=2018-12-31 || prior_rofr: https://efts.sec.gov/LATEST/search-index?q=CASC+%22Cascadian+Therapeutics%2C+Inc.%22+%22right+of+first+refusal%22+OR+%22right+of+first+negotiation%22+OR+%22option+to+acquire%22&forms=8-K%2C10-K%2C10-Q%2CEX-10&dateRange=custom&startdt=2015-01-01&enddt=2018-12-31,LOW,"Start with merger proxy or Schedule 14D-9 background, then run targeted pre-announcement EDGAR searches.",No local source-backed prior public signal found yet. Search target generated only.
RHC-0017-ACQUIRED-JUNO,JUNO,"Juno Therapeutics, Inc.",2018-01-22,NO_LOCAL_PRIOR_SIGNAL_FOUND,none found,,,prior_process: https://efts.sec.gov/LATEST/search-index?q=JUNO+%22Juno+Therapeutics%2C+Inc.%22+%22strategic+alternatives%22+OR+%22financial+advisor%22+OR+%22prior+outreach%22+OR+%22competing+bids%22+OR+%22Item+4%22+OR+%22right+of+first+refusal%22+OR+%22right+of+first+negotiation%22&forms=8-K%2C10-Q%2C10-K%2CSC+13D%2CSC+13D%2FA%2CDEFM14A%2CDEF+14A&dateRange=custom&startdt=2015-01-01&enddt=2018-12-31 || prior_13d: https://efts.sec.gov/LATEST/search-index?q=JUNO+%22Juno+Therapeutics%2C+Inc.%22+%22Item+4%22+OR+%22strategic+alternatives%22+OR+%22maximize+shareholder+value%22&forms=SC+13D%2CSC+13D%2FA&dateRange=custom&startdt=2015-01-01&enddt=2018-12-31 || prior_rofr: https://efts.sec.gov/LATEST/search-index?q=JUNO+%22Juno+Therapeutics%2C+Inc.%22+%22right+of+first+refusal%22+OR+%22right+of+first+negotiation%22+OR+%22option+to+acquire%22&forms=8-K%2C10-K%2C10-Q%2CEX-10&dateRange=custom&startdt=2015-01-01&enddt=2018-12-31,LOW,Run targeted pre-announcement EDGAR searches and record manual no-hit evidence before treating acquisition announcement as first public signal.,"No source-backed public pre-announcement process signal was found in the available background excerpt. Private negotiations disclosed after announcement are not used as observation dates, so default to the acquisition announcement date pending manual no-hit confirmation."
RHC-0018-ACQUIRED-RXDX,RXDX,"Ignyta, Inc.",,SEARCH_TARGET_ONLY,targeted public pre-announcement signal search,,,prior_process: https://efts.sec.gov/LATEST/search-index?q=RXDX+%22Ignyta%2C+Inc.%22+%22strategic+alternatives%22+OR+%22financial+advisor%22+OR+%22prior+outreach%22+OR+%22competing+bids%22+OR+%22Item+4%22+OR+%22right+of+first+refusal%22+OR+%22right+of+first+negotiation%22&forms=8-K%2C10-Q%2C10-K%2CSC+13D%2CSC+13D%2FA%2CDEFM14A%2CDEF+14A&dateRange=custom&startdt=2015-01-01&enddt=2018-12-31 || prior_13d: https://efts.sec.gov/LATEST/search-index?q=RXDX+%22Ignyta%2C+Inc.%22+%22Item+4%22+OR+%22strategic+alternatives%22+OR+%22maximize+shareholder+value%22&forms=SC+13D%2CSC+13D%2FA&dateRange=custom&startdt=2015-01-01&enddt=2018-12-31 || prior_rofr: https://efts.sec.gov/LATEST/search-index?q=RXDX+%22Ignyta%2C+Inc.%22+%22right+of+first+refusal%22+OR+%22right+of+first+negotiation%22+OR+%22option+to+acquire%22&forms=8-K%2C10-K%2C10-Q%2CEX-10&dateRange=custom&startdt=2015-01-01&enddt=2018-12-31,LOW,"Start with merger proxy or Schedule 14D-9 background, then run targeted pre-announcement EDGAR searches.",No local source-backed prior public signal found yet. Search target generated only.
RHC-0019-ACQUIRED-ALDR,ALDR,Alder BioPharmaceuticals,,SEARCH_TARGET_ONLY,targeted public pre-announcement signal search,,,prior_process: https://efts.sec.gov/LATEST/search-index?q=ALDR+%22Alder+BioPharmaceuticals%22+%22strategic+alternatives%22+OR+%22financial+advisor%22+OR+%22prior+outreach%22+OR+%22competing+bids%22+OR+%22Item+4%22+OR+%22right+of+first+refusal%22+OR+%22right+of+first+negotiation%22&forms=8-K%2C10-Q%2C10-K%2CSC+13D%2CSC+13D%2FA%2CDEFM14A%2CDEF+14A&dateRange=custom&startdt=2016-01-01&enddt=2019-12-31 || prior_13d: https://efts.sec.gov/LATEST/search-index?q=ALDR+%22Alder+BioPharmaceuticals%22+%22Item+4%22+OR+%22strategic+alternatives%22+OR+%22maximize+shareholder+value%22&forms=SC+13D%2CSC+13D%2FA&dateRange=custom&startdt=2016-01-01&enddt=2019-12-31 || prior_rofr: https://efts.sec.gov/LATEST/search-index?q=ALDR+%22Alder+BioPharmaceuticals%22+%22right+of+first+refusal%22+OR+%22right+of+first+negotiation%22+OR+%22option+to+acquire%22&forms=8-K%2C10-K%2C10-Q%2CEX-10&dateRange=custom&startdt=2016-01-01&enddt=2019-12-31,LOW,"Start with merger proxy or Schedule 14D-9 background, then run targeted pre-announcement EDGAR searches.",No local source-backed prior public signal found yet. Search target generated only.
RHC-0020-ACQUIRED-ARRY,ARRY,Array BioPharma Inc.,,SEARCH_TARGET_ONLY,targeted public pre-announcement signal search,,,prior_process: https://efts.sec.gov/LATEST/search-index?q=ARRY+%22Array+BioPharma+Inc.%22+%22strategic+alternatives%22+OR+%22financial+advisor%22+OR+%22prior+outreach%22+OR+%22competing+bids%22+OR+%22Item+4%22+OR+%22right+of+first+refusal%22+OR+%22right+of+first+negotiation%22&forms=8-K%2C10-Q%2C10-K%2CSC+13D%2CSC+13D%2FA%2CDEFM14A%2CDEF+14A&dateRange=custom&startdt=2016-01-01&enddt=2019-12-31 || prior_13d: https://efts.sec.gov/LATEST/search-index?q=ARRY+%22Array+BioPharma+Inc.%22+%22Item+4%22+OR+%22strategic+alternatives%22+OR+%22maximize+shareholder+value%22&forms=SC+13D%2CSC+13D%2FA&dateRange=custom&startdt=2016-01-01&enddt=2019-12-31 || prior_rofr: https://efts.sec.gov/LATEST/search-index?q=ARRY+%22Array+BioPharma+Inc.%22+%22right+of+first+refusal%22+OR+%22right+of+first+negotiation%22+OR+%22option+to+acquire%22&forms=8-K%2C10-K%2C10-Q%2CEX-10&dateRange=custom&startdt=2016-01-01&enddt=2019-12-31,LOW,"Start with merger proxy or Schedule 14D-9 background, then run targeted pre-announcement EDGAR searches.",No local source-backed prior public signal found yet. Search target generated only.
RHC-0021-ACQUIRED-CMTA,CMTA,Clementia Pharmaceuticals Inc.,,SEARCH_TARGET_ONLY,targeted public pre-announcement signal search,,,prior_process: https://efts.sec.gov/LATEST/search-index?q=CMTA+%22Clementia+Pharmaceuticals+Inc.%22+%22strategic+alternatives%22+OR+%22financial+advisor%22+OR+%22prior+outreach%22+OR+%22competing+bids%22+OR+%22Item+4%22+OR+%22right+of+first+refusal%22+OR+%22right+of+first+negotiation%22&forms=8-K%2C10-Q%2C10-K%2CSC+13D%2CSC+13D%2FA%2CDEFM14A%2CDEF+14A&dateRange=custom&startdt=2016-01-01&enddt=2019-12-31 || prior_13d: https://efts.sec.gov/LATEST/search-index?q=CMTA+%22Clementia+Pharmaceuticals+Inc.%22+%22Item+4%22+OR+%22strategic+alternatives%22+OR+%22maximize+shareholder+value%22&forms=SC+13D%2CSC+13D%2FA&dateRange=custom&startdt=2016-01-01&enddt=2019-12-31 || prior_rofr: https://efts.sec.gov/LATEST/search-index?q=CMTA+%22Clementia+Pharmaceuticals+Inc.%22+%22right+of+first+refusal%22+OR+%22right+of+first+negotiation%22+OR+%22option+to+acquire%22&forms=8-K%2C10-K%2C10-Q%2CEX-10&dateRange=custom&startdt=2016-01-01&enddt=2019-12-31,LOW,"Start with merger proxy or Schedule 14D-9 background, then run targeted pre-announcement EDGAR searches.",No local source-backed prior public signal found yet. Search target generated only.
RHC-0022-ACQUIRED-LOXO,LOXO,"Loxo Oncology, Inc.",,SEARCH_TARGET_ONLY,targeted public pre-announcement signal search,,,prior_process: https://efts.sec.gov/LATEST/search-index?q=LOXO+%22Loxo+Oncology%2C+Inc.%22+%22strategic+alternatives%22+OR+%22financial+advisor%22+OR+%22prior+outreach%22+OR+%22competing+bids%22+OR+%22Item+4%22+OR+%22right+of+first+refusal%22+OR+%22right+of+first+negotiation%22&forms=8-K%2C10-Q%2C10-K%2CSC+13D%2CSC+13D%2FA%2CDEFM14A%2CDEF+14A&dateRange=custom&startdt=2016-01-01&enddt=2019-12-31 || prior_13d: https://efts.sec.gov/LATEST/search-index?q=LOXO+%22Loxo+Oncology%2C+Inc.%22+%22Item+4%22+OR+%22strategic+alternatives%22+OR+%22maximize+shareholder+value%22&forms=SC+13D%2CSC+13D%2FA&dateRange=custom&startdt=2016-01-01&enddt=2019-12-31 || prior_rofr: https://efts.sec.gov/LATEST/search-index?q=LOXO+%22Loxo+Oncology%2C+Inc.%22+%22right+of+first+refusal%22+OR+%22right+of+first+negotiation%22+OR+%22option+to+acquire%22&forms=8-K%2C10-K%2C10-Q%2CEX-10&dateRange=custom&startdt=2016-01-01&enddt=2019-12-31,LOW,"Start with merger proxy or Schedule 14D-9 background, then run targeted pre-announcement EDGAR searches.",No local source-backed prior public signal found yet. Search target generated only.
RHC-0023-ACQUIRED-NITE,NITE,Nightstar Therapeutics plc,,SEARCH_TARGET_ONLY,targeted public pre-announcement signal search,,,prior_process: https://efts.sec.gov/LATEST/search-index?q=NITE+%22Nightstar+Therapeutics+plc%22+%22strategic+alternatives%22+OR+%22financial+advisor%22+OR+%22prior+outreach%22+OR+%22competing+bids%22+OR+%22Item+4%22+OR+%22right+of+first+refusal%22+OR+%22right+of+first+negotiation%22&forms=8-K%2C10-Q%2C10-K%2CSC+13D%2CSC+13D%2FA%2CDEFM14A%2CDEF+14A&dateRange=custom&startdt=2016-01-01&enddt=2019-12-31 || prior_13d: https://efts.sec.gov/LATEST/search-index?q=NITE+%22Nightstar+Therapeutics+plc%22+%22Item+4%22+OR+%22strategic+alternatives%22+OR+%22maximize+shareholder+value%22&forms=SC+13D%2CSC+13D%2FA&dateRange=custom&startdt=2016-01-01&enddt=2019-12-31 || prior_rofr: https://efts.sec.gov/LATEST/search-index?q=NITE+%22Nightstar+Therapeutics+plc%22+%22right+of+first+refusal%22+OR+%22right+of+first+negotiation%22+OR+%22option+to+acquire%22&forms=8-K%2C10-K%2C10-Q%2CEX-10&dateRange=custom&startdt=2016-01-01&enddt=2019-12-31,LOW,"Start with merger proxy or Schedule 14D-9 background, then run targeted pre-announcement EDGAR searches.",No local source-backed prior public signal found yet. Search target generated only.
RHC-0024-ACQUIRED-ONCE,ONCE,"Spark Therapeutics, Inc.",,SEARCH_TARGET_ONLY,targeted public pre-announcement signal search,,,prior_process: https://efts.sec.gov/LATEST/search-index?q=ONCE+%22Spark+Therapeutics%2C+Inc.%22+%22strategic+alternatives%22+OR+%22financial+advisor%22+OR+%22prior+outreach%22+OR+%22competing+bids%22+OR+%22Item+4%22+OR+%22right+of+first+refusal%22+OR+%22right+of+first+negotiation%22&forms=8-K%2C10-Q%2C10-K%2CSC+13D%2CSC+13D%2FA%2CDEFM14A%2CDEF+14A&dateRange=custom&startdt=2016-01-01&enddt=2019-12-31 || prior_13d: https://efts.sec.gov/LATEST/search-index?q=ONCE+%22Spark+Therapeutics%2C+Inc.%22+%22Item+4%22+OR+%22strategic+alternatives%22+OR+%22maximize+shareholder+value%22&forms=SC+13D%2CSC+13D%2FA&dateRange=custom&startdt=2016-01-01&enddt=2019-12-31 || prior_rofr: https://efts.sec.gov/LATEST/search-index?q=ONCE+%22Spark+Therapeutics%2C+Inc.%22+%22right+of+first+refusal%22+OR+%22right+of+first+negotiation%22+OR+%22option+to+acquire%22&forms=8-K%2C10-K%2C10-Q%2CEX-10&dateRange=custom&startdt=2016-01-01&enddt=2019-12-31,LOW,"Start with merger proxy or Schedule 14D-9 background, then run targeted pre-announcement EDGAR searches.",No local source-backed prior public signal found yet. Search target generated only.
RHC-0025-ACQUIRED-TSRO,TSRO,"TESARO, Inc.",,SEARCH_TARGET_ONLY,targeted public pre-announcement signal search,,,prior_process: https://efts.sec.gov/LATEST/search-index?q=TSRO+%22TESARO%2C+Inc.%22+%22strategic+alternatives%22+OR+%22financial+advisor%22+OR+%22prior+outreach%22+OR+%22competing+bids%22+OR+%22Item+4%22+OR+%22right+of+first+refusal%22+OR+%22right+of+first+negotiation%22&forms=8-K%2C10-Q%2C10-K%2CSC+13D%2CSC+13D%2FA%2CDEFM14A%2CDEF+14A&dateRange=custom&startdt=2016-01-01&enddt=2019-12-31 || prior_13d: https://efts.sec.gov/LATEST/search-index?q=TSRO+%22TESARO%2C+Inc.%22+%22Item+4%22+OR+%22strategic+alternatives%22+OR+%22maximize+shareholder+value%22&forms=SC+13D%2CSC+13D%2FA&dateRange=custom&startdt=2016-01-01&enddt=2019-12-31 || prior_rofr: https://efts.sec.gov/LATEST/search-index?q=TSRO+%22TESARO%2C+Inc.%22+%22right+of+first+refusal%22+OR+%22right+of+first+negotiation%22+OR+%22option+to+acquire%22&forms=8-K%2C10-K%2C10-Q%2CEX-10&dateRange=custom&startdt=2016-01-01&enddt=2019-12-31,LOW,"Start with merger proxy or Schedule 14D-9 background, then run targeted pre-announcement EDGAR searches.",No local source-backed prior public signal found yet. Search target generated only.
RHC-0026-ACQUIRED-ACHN,ACHN,Achillion Pharmaceuticals,,SEARCH_TARGET_ONLY,targeted public pre-announcement signal search,,,prior_process: https://efts.sec.gov/LATEST/search-index?q=ACHN+%22Achillion+Pharmaceuticals%22+%22strategic+alternatives%22+OR+%22financial+advisor%22+OR+%22review+of+strategic+alternatives%22&forms=8-K%2C10-Q%2C10-K&dateRange=custom&startdt=2017-01-01&enddt=2020-12-31 || prior_13d: https://efts.sec.gov/LATEST/search-index?q=ACHN+%22Achillion+Pharmaceuticals%22+%22Item+4%22+OR+%22strategic+alternatives%22+OR+%22maximize+shareholder+value%22&forms=SC+13D%2CSC+13D%2FA&dateRange=custom&startdt=2017-01-01&enddt=2020-12-31 || prior_rofr: https://efts.sec.gov/LATEST/search-index?q=ACHN+%22Achillion+Pharmaceuticals%22+%22right+of+first+refusal%22+OR+%22right+of+first+negotiation%22+OR+%22option+to+acquire%22&forms=8-K%2C10-K%2C10-Q%2CEX-10&dateRange=custom&startdt=2017-01-01&enddt=2020-12-31,LOW,"Start with merger proxy or Schedule 14D-9 background, then run targeted pre-announcement EDGAR searches.",No local source-backed prior public signal found yet. Search target generated only.
RHC-0027-ACQUIRED-BOLD,BOLD,"Audentes Therapeutics, Inc.",,SEARCH_TARGET_ONLY,targeted public pre-announcement signal search,,,prior_process: https://efts.sec.gov/LATEST/search-index?q=BOLD+%22Audentes+Therapeutics%2C+Inc.%22+%22strategic+alternatives%22+OR+%22financial+advisor%22+OR+%22review+of+strategic+alternatives%22&forms=8-K%2C10-Q%2C10-K&dateRange=custom&startdt=2017-01-01&enddt=2020-12-31 || prior_13d: https://efts.sec.gov/LATEST/search-index?q=BOLD+%22Audentes+Therapeutics%2C+Inc.%22+%22Item+4%22+OR+%22strategic+alternatives%22+OR+%22maximize+shareholder+value%22&forms=SC+13D%2CSC+13D%2FA&dateRange=custom&startdt=2017-01-01&enddt=2020-12-31 || prior_rofr: https://efts.sec.gov/LATEST/search-index?q=BOLD+%22Audentes+Therapeutics%2C+Inc.%22+%22right+of+first+refusal%22+OR+%22right+of+first+negotiation%22+OR+%22option+to+acquire%22&forms=8-K%2C10-K%2C10-Q%2CEX-10&dateRange=custom&startdt=2017-01-01&enddt=2020-12-31,LOW,"Start with merger proxy or Schedule 14D-9 background, then run targeted pre-announcement EDGAR searches.",No local source-backed prior public signal found yet. Search target generated only.
RHC-0028-ACQUIRED-DERM,DERM,Dermira,,SEARCH_TARGET_ONLY,targeted public pre-announcement signal search,,,prior_process: https://efts.sec.gov/LATEST/search-index?q=DERM+%22Dermira%22+%22strategic+alternatives%22+OR+%22financial+advisor%22+OR+%22review+of+strategic+alternatives%22&forms=8-K%2C10-Q%2C10-K&dateRange=custom&startdt=2017-01-01&enddt=2020-12-31 || prior_13d: https://efts.sec.gov/LATEST/search-index?q=DERM+%22Dermira%22+%22Item+4%22+OR+%22strategic+alternatives%22+OR+%22maximize+shareholder+value%22&forms=SC+13D%2CSC+13D%2FA&dateRange=custom&startdt=2017-01-01&enddt=2020-12-31 || prior_rofr: https://efts.sec.gov/LATEST/search-index?q=DERM+%22Dermira%22+%22right+of+first+refusal%22+OR+%22right+of+first+negotiation%22+OR+%22option+to+acquire%22&forms=8-K%2C10-K%2C10-Q%2CEX-10&dateRange=custom&startdt=2017-01-01&enddt=2020-12-31,LOW,"Start with merger proxy or Schedule 14D-9 background, then run targeted pre-announcement EDGAR searches.",No local source-backed prior public signal found yet. Search target generated only.
RHC-0029-ACQUIRED-FTSV,FTSV,"Forty Seven, Inc.",,SEARCH_TARGET_ONLY,targeted public pre-announcement signal search,,,prior_process: https://efts.sec.gov/LATEST/search-index?q=FTSV+%22Forty+Seven%2C+Inc.%22+%22strategic+alternatives%22+OR+%22financial+advisor%22+OR+%22review+of+strategic+alternatives%22&forms=8-K%2C10-Q%2C10-K&dateRange=custom&startdt=2017-01-01&enddt=2020-12-31 || prior_13d: https://efts.sec.gov/LATEST/search-index?q=FTSV+%22Forty+Seven%2C+Inc.%22+%22Item+4%22+OR+%22strategic+alternatives%22+OR+%22maximize+shareholder+value%22&forms=SC+13D%2CSC+13D%2FA&dateRange=custom&startdt=2017-01-01&enddt=2020-12-31 || prior_rofr: https://efts.sec.gov/LATEST/search-index?q=FTSV+%22Forty+Seven%2C+Inc.%22+%22right+of+first+refusal%22+OR+%22right+of+first+negotiation%22+OR+%22option+to+acquire%22&forms=8-K%2C10-K%2C10-Q%2CEX-10&dateRange=custom&startdt=2017-01-01&enddt=2020-12-31,LOW,"Start with merger proxy or Schedule 14D-9 background, then run targeted pre-announcement EDGAR searches.",No local source-backed prior public signal found yet. Search target generated only.
RHC-0030-ACQUIRED-MNTA,MNTA,"Momenta Pharmaceuticals, Inc.",,SEARCH_TARGET_ONLY,targeted public pre-announcement signal search,,,prior_process: https://efts.sec.gov/LATEST/search-index?q=MNTA+%22Momenta+Pharmaceuticals%2C+Inc.%22+%22strategic+alternatives%22+OR+%22financial+advisor%22+OR+%22review+of+strategic+alternatives%22&forms=8-K%2C10-Q%2C10-K&dateRange=custom&startdt=2017-01-01&enddt=2020-12-31 || prior_13d: https://efts.sec.gov/LATEST/search-index?q=MNTA+%22Momenta+Pharmaceuticals%2C+Inc.%22+%22Item+4%22+OR+%22strategic+alternatives%22+OR+%22maximize+shareholder+value%22&forms=SC+13D%2CSC+13D%2FA&dateRange=custom&startdt=2017-01-01&enddt=2020-12-31 || prior_rofr: https://efts.sec.gov/LATEST/search-index?q=MNTA+%22Momenta+Pharmaceuticals%2C+Inc.%22+%22right+of+first+refusal%22+OR+%22right+of+first+negotiation%22+OR+%22option+to+acquire%22&forms=8-K%2C10-K%2C10-Q%2CEX-10&dateRange=custom&startdt=2017-01-01&enddt=2020-12-31,LOW,"Start with merger proxy or Schedule 14D-9 background, then run targeted pre-announcement EDGAR searches.",No local source-backed prior public signal found yet. Search target generated only.
RHC-0031-ACQUIRED-MYOK,MYOK,"MyoKardia, Inc.",,SEARCH_TARGET_ONLY,targeted public pre-announcement signal search,,,prior_process: https://efts.sec.gov/LATEST/search-index?q=MYOK+%22MyoKardia%2C+Inc.%22+%22strategic+alternatives%22+OR+%22financial+advisor%22+OR+%22review+of+strategic+alternatives%22&forms=8-K%2C10-Q%2C10-K&dateRange=custom&startdt=2017-01-01&enddt=2020-12-31 || prior_13d: https://efts.sec.gov/LATEST/search-index?q=MYOK+%22MyoKardia%2C+Inc.%22+%22Item+4%22+OR+%22strategic+alternatives%22+OR+%22maximize+shareholder+value%22&forms=SC+13D%2CSC+13D%2FA&dateRange=custom&startdt=2017-01-01&enddt=2020-12-31 || prior_rofr: https://efts.sec.gov/LATEST/search-index?q=MYOK+%22MyoKardia%2C+Inc.%22+%22right+of+first+refusal%22+OR+%22right+of+first+negotiation%22+OR+%22option+to+acquire%22&forms=8-K%2C10-K%2C10-Q%2CEX-10&dateRange=custom&startdt=2017-01-01&enddt=2020-12-31,LOW,"Start with merger proxy or Schedule 14D-9 background, then run targeted pre-announcement EDGAR searches.",No local source-backed prior public signal found yet. Search target generated only.
RHC-0032-ACQUIRED-PGNX,PGNX,Progenics Pharmaceuticals,,SEARCH_TARGET_ONLY,targeted public pre-announcement signal search,,,prior_process: https://efts.sec.gov/LATEST/search-index?q=PGNX+%22Progenics+Pharmaceuticals%22+%22strategic+alternatives%22+OR+%22financial+advisor%22+OR+%22review+of+strategic+alternatives%22&forms=8-K%2C10-Q%2C10-K&dateRange=custom&startdt=2017-01-01&enddt=2020-12-31 || prior_13d: https://efts.sec.gov/LATEST/search-index?q=PGNX+%22Progenics+Pharmaceuticals%22+%22Item+4%22+OR+%22strategic+alternatives%22+OR+%22maximize+shareholder+value%22&forms=SC+13D%2CSC+13D%2FA&dateRange=custom&startdt=2017-01-01&enddt=2020-12-31 || prior_rofr: https://efts.sec.gov/LATEST/search-index?q=PGNX+%22Progenics+Pharmaceuticals%22+%22right+of+first+refusal%22+OR+%22right+of+first+negotiation%22+OR+%22option+to+acquire%22&forms=8-K%2C10-K%2C10-Q%2CEX-10&dateRange=custom&startdt=2017-01-01&enddt=2020-12-31,LOW,"Start with merger proxy or Schedule 14D-9 background, then run targeted pre-announcement EDGAR searches.",No local source-backed prior public signal found yet. Search target generated only.
RHC-0033-ACQUIRED-PRNB,PRNB,Principia Biopharma Inc.,,SEARCH_TARGET_ONLY,targeted public pre-announcement signal search,,,prior_process: https://efts.sec.gov/LATEST/search-index?q=PRNB+%22Principia+Biopharma+Inc.%22+%22strategic+alternatives%22+OR+%22financial+advisor%22+OR+%22review+of+strategic+alternatives%22&forms=8-K%2C10-Q%2C10-K&dateRange=custom&startdt=2017-01-01&enddt=2020-12-31 || prior_13d: https://efts.sec.gov/LATEST/search-index?q=PRNB+%22Principia+Biopharma+Inc.%22+%22Item+4%22+OR+%22strategic+alternatives%22+OR+%22maximize+shareholder+value%22&forms=SC+13D%2CSC+13D%2FA&dateRange=custom&startdt=2017-01-01&enddt=2020-12-31 || prior_rofr: https://efts.sec.gov/LATEST/search-index?q=PRNB+%22Principia+Biopharma+Inc.%22+%22right+of+first+refusal%22+OR+%22right+of+first+negotiation%22+OR+%22option+to+acquire%22&forms=8-K%2C10-K%2C10-Q%2CEX-10&dateRange=custom&startdt=2017-01-01&enddt=2020-12-31,LOW,"Start with merger proxy or Schedule 14D-9 background, then run targeted pre-announcement EDGAR searches.",No local source-backed prior public signal found yet. Search target generated only.
RHC-0034-ACQUIRED-PRVL,PRVL,Prevail Therapeutics Inc.,,SEARCH_TARGET_ONLY,targeted public pre-announcement signal search,,,prior_process: https://efts.sec.gov/LATEST/search-index?q=PRVL+%22Prevail+Therapeutics+Inc.%22+%22strategic+alternatives%22+OR+%22financial+advisor%22+OR+%22review+of+strategic+alternatives%22&forms=8-K%2C10-Q%2C10-K&dateRange=custom&startdt=2017-01-01&enddt=2020-12-31 || prior_13d: https://efts.sec.gov/LATEST/search-index?q=PRVL+%22Prevail+Therapeutics+Inc.%22+%22Item+4%22+OR+%22strategic+alternatives%22+OR+%22maximize+shareholder+value%22&forms=SC+13D%2CSC+13D%2FA&dateRange=custom&startdt=2017-01-01&enddt=2020-12-31 || prior_rofr: https://efts.sec.gov/LATEST/search-index?q=PRVL+%22Prevail+Therapeutics+Inc.%22+%22right+of+first+refusal%22+OR+%22right+of+first+negotiation%22+OR+%22option+to+acquire%22&forms=8-K%2C10-K%2C10-Q%2CEX-10&dateRange=custom&startdt=2017-01-01&enddt=2020-12-31,LOW,"Start with merger proxy or Schedule 14D-9 background, then run targeted pre-announcement EDGAR searches.",No local source-backed prior public signal found yet. Search target generated only.
RHC-0035-ACQUIRED-ADMS,ADMS,Adamas Pharmaceuticals,,SEARCH_TARGET_ONLY,targeted public pre-announcement signal search,,,prior_process: https://efts.sec.gov/LATEST/search-index?q=ADMS+%22Adamas+Pharmaceuticals%22+%22strategic+alternatives%22+OR+%22financial+advisor%22+OR+%22review+of+strategic+alternatives%22&forms=8-K%2C10-Q%2C10-K&dateRange=custom&startdt=2018-01-01&enddt=2021-12-31 || prior_13d: https://efts.sec.gov/LATEST/search-index?q=ADMS+%22Adamas+Pharmaceuticals%22+%22Item+4%22+OR+%22strategic+alternatives%22+OR+%22maximize+shareholder+value%22&forms=SC+13D%2CSC+13D%2FA&dateRange=custom&startdt=2018-01-01&enddt=2021-12-31 || prior_rofr: https://efts.sec.gov/LATEST/search-index?q=ADMS+%22Adamas+Pharmaceuticals%22+%22right+of+first+refusal%22+OR+%22right+of+first+negotiation%22+OR+%22option+to+acquire%22&forms=8-K%2C10-K%2C10-Q%2CEX-10&dateRange=custom&startdt=2018-01-01&enddt=2021-12-31,LOW,"Start with merger proxy or Schedule 14D-9 background, then run targeted pre-announcement EDGAR searches.",No local source-backed prior public signal found yet. Search target generated only.
RHC-0036-ACQUIRED-DOVA,DOVA,Dova Pharmaceuticals,,SEARCH_TARGET_ONLY,targeted public pre-announcement signal search,,,prior_process: https://efts.sec.gov/LATEST/search-index?q=DOVA+%22Dova+Pharmaceuticals%22+%22strategic+alternatives%22+OR+%22financial+advisor%22+OR+%22review+of+strategic+alternatives%22&forms=8-K%2C10-Q%2C10-K&dateRange=custom&startdt=2018-01-01&enddt=2021-12-31 || prior_13d: https://efts.sec.gov/LATEST/search-index?q=DOVA+%22Dova+Pharmaceuticals%22+%22Item+4%22+OR+%22strategic+alternatives%22+OR+%22maximize+shareholder+value%22&forms=SC+13D%2CSC+13D%2FA&dateRange=custom&startdt=2018-01-01&enddt=2021-12-31 || prior_rofr: https://efts.sec.gov/LATEST/search-index?q=DOVA+%22Dova+Pharmaceuticals%22+%22right+of+first+refusal%22+OR+%22right+of+first+negotiation%22+OR+%22option+to+acquire%22&forms=8-K%2C10-K%2C10-Q%2CEX-10&dateRange=custom&startdt=2018-01-01&enddt=2021-12-31,LOW,"Start with merger proxy or Schedule 14D-9 background, then run targeted pre-announcement EDGAR searches.",No local source-backed prior public signal found yet. Search target generated only.
RHC-0037-ACQUIRED-DRNA,DRNA,"Dicerna Pharmaceuticals, Inc.",,SEARCH_TARGET_ONLY,targeted public pre-announcement signal search,,,prior_process: https://efts.sec.gov/LATEST/search-index?q=DRNA+%22Dicerna+Pharmaceuticals%2C+Inc.%22+%22strategic+alternatives%22+OR+%22financial+advisor%22+OR+%22review+of+strategic+alternatives%22&forms=8-K%2C10-Q%2C10-K&dateRange=custom&startdt=2018-01-01&enddt=2021-12-31 || prior_13d: https://efts.sec.gov/LATEST/search-index?q=DRNA+%22Dicerna+Pharmaceuticals%2C+Inc.%22+%22Item+4%22+OR+%22strategic+alternatives%22+OR+%22maximize+shareholder+value%22&forms=SC+13D%2CSC+13D%2FA&dateRange=custom&startdt=2018-01-01&enddt=2021-12-31 || prior_rofr: https://efts.sec.gov/LATEST/search-index?q=DRNA+%22Dicerna+Pharmaceuticals%2C+Inc.%22+%22right+of+first+refusal%22+OR+%22right+of+first+negotiation%22+OR+%22option+to+acquire%22&forms=8-K%2C10-K%2C10-Q%2CEX-10&dateRange=custom&startdt=2018-01-01&enddt=2021-12-31,LOW,"Start with merger proxy or Schedule 14D-9 background, then run targeted pre-announcement EDGAR searches.",No local source-backed prior public signal found yet. Search target generated only.
RHC-0038-ACQUIRED-FLXN,FLXN,Flexion Therapeutics,,SEARCH_TARGET_ONLY,targeted public pre-announcement signal search,,,prior_process: https://efts.sec.gov/LATEST/search-index?q=FLXN+%22Flexion+Therapeutics%22+%22strategic+alternatives%22+OR+%22financial+advisor%22+OR+%22review+of+strategic+alternatives%22&forms=8-K%2C10-Q%2C10-K&dateRange=custom&startdt=2018-01-01&enddt=2021-12-31 || prior_13d: https://efts.sec.gov/LATEST/search-index?q=FLXN+%22Flexion+Therapeutics%22+%22Item+4%22+OR+%22strategic+alternatives%22+OR+%22maximize+shareholder+value%22&forms=SC+13D%2CSC+13D%2FA&dateRange=custom&startdt=2018-01-01&enddt=2021-12-31 || prior_rofr: https://efts.sec.gov/LATEST/search-index?q=FLXN+%22Flexion+Therapeutics%22+%22right+of+first+refusal%22+OR+%22right+of+first+negotiation%22+OR+%22option+to+acquire%22&forms=8-K%2C10-K%2C10-Q%2CEX-10&dateRange=custom&startdt=2018-01-01&enddt=2021-12-31,LOW,"Start with merger proxy or Schedule 14D-9 background, then run targeted pre-announcement EDGAR searches.",No local source-backed prior public signal found yet. Search target generated only.
RHC-0039-ACQUIRED-FPRX,FPRX,"Five Prime Therapeutics, Inc.",,SEARCH_TARGET_ONLY,targeted public pre-announcement signal search,,,prior_process: https://efts.sec.gov/LATEST/search-index?q=FPRX+%22Five+Prime+Therapeutics%2C+Inc.%22+%22strategic+alternatives%22+OR+%22financial+advisor%22+OR+%22review+of+strategic+alternatives%22&forms=8-K%2C10-Q%2C10-K&dateRange=custom&startdt=2018-01-01&enddt=2021-12-31 || prior_13d: https://efts.sec.gov/LATEST/search-index?q=FPRX+%22Five+Prime+Therapeutics%2C+Inc.%22+%22Item+4%22+OR+%22strategic+alternatives%22+OR+%22maximize+shareholder+value%22&forms=SC+13D%2CSC+13D%2FA&dateRange=custom&startdt=2018-01-01&enddt=2021-12-31 || prior_rofr: https://efts.sec.gov/LATEST/search-index?q=FPRX+%22Five+Prime+Therapeutics%2C+Inc.%22+%22right+of+first+refusal%22+OR+%22right+of+first+negotiation%22+OR+%22option+to+acquire%22&forms=8-K%2C10-K%2C10-Q%2CEX-10&dateRange=custom&startdt=2018-01-01&enddt=2021-12-31,LOW,"Start with merger proxy or Schedule 14D-9 background, then run targeted pre-announcement EDGAR searches.",No local source-backed prior public signal found yet. Search target generated only.
RHC-0040-ACQUIRED-GWPH,GWPH,GW Pharmaceuticals plc,,SEARCH_TARGET_ONLY,targeted public pre-announcement signal search,,,prior_process: https://efts.sec.gov/LATEST/search-index?q=GWPH+%22GW+Pharmaceuticals+plc%22+%22strategic+alternatives%22+OR+%22financial+advisor%22+OR+%22review+of+strategic+alternatives%22&forms=8-K%2C10-Q%2C10-K&dateRange=custom&startdt=2018-01-01&enddt=2021-12-31 || prior_13d: https://efts.sec.gov/LATEST/search-index?q=GWPH+%22GW+Pharmaceuticals+plc%22+%22Item+4%22+OR+%22strategic+alternatives%22+OR+%22maximize+shareholder+value%22&forms=SC+13D%2CSC+13D%2FA&dateRange=custom&startdt=2018-01-01&enddt=2021-12-31 || prior_rofr: https://efts.sec.gov/LATEST/search-index?q=GWPH+%22GW+Pharmaceuticals+plc%22+%22right+of+first+refusal%22+OR+%22right+of+first+negotiation%22+OR+%22option+to+acquire%22&forms=8-K%2C10-K%2C10-Q%2CEX-10&dateRange=custom&startdt=2018-01-01&enddt=2021-12-31,LOW,"Start with merger proxy or Schedule 14D-9 background, then run targeted pre-announcement EDGAR searches.",No local source-backed prior public signal found yet. Search target generated only.
RHC-0041-ACQUIRED-PAND,PAND,Pandion Therapeutics,,SEARCH_TARGET_ONLY,targeted public pre-announcement signal search,,,prior_process: https://efts.sec.gov/LATEST/search-index?q=PAND+%22Pandion+Therapeutics%22+%22strategic+alternatives%22+OR+%22financial+advisor%22+OR+%22review+of+strategic+alternatives%22&forms=8-K%2C10-Q%2C10-K&dateRange=custom&startdt=2018-01-01&enddt=2021-12-31 || prior_13d: https://efts.sec.gov/LATEST/search-index?q=PAND+%22Pandion+Therapeutics%22+%22Item+4%22+OR+%22strategic+alternatives%22+OR+%22maximize+shareholder+value%22&forms=SC+13D%2CSC+13D%2FA&dateRange=custom&startdt=2018-01-01&enddt=2021-12-31 || prior_rofr: https://efts.sec.gov/LATEST/search-index?q=PAND+%22Pandion+Therapeutics%22+%22right+of+first+refusal%22+OR+%22right+of+first+negotiation%22+OR+%22option+to+acquire%22&forms=8-K%2C10-K%2C10-Q%2CEX-10&dateRange=custom&startdt=2018-01-01&enddt=2021-12-31,LOW,"Start with merger proxy or Schedule 14D-9 background, then run targeted pre-announcement EDGAR searches.",No local source-backed prior public signal found yet. Search target generated only.
RHC-0042-ACQUIRED-PTLA,PTLA,Portola Pharmaceuticals,,SEARCH_TARGET_ONLY,targeted public pre-announcement signal search,,,prior_process: https://efts.sec.gov/LATEST/search-index?q=PTLA+%22Portola+Pharmaceuticals%22+%22strategic+alternatives%22+OR+%22financial+advisor%22+OR+%22review+of+strategic+alternatives%22&forms=8-K%2C10-Q%2C10-K&dateRange=custom&startdt=2018-01-01&enddt=2021-12-31 || prior_13d: https://efts.sec.gov/LATEST/search-index?q=PTLA+%22Portola+Pharmaceuticals%22+%22Item+4%22+OR+%22strategic+alternatives%22+OR+%22maximize+shareholder+value%22&forms=SC+13D%2CSC+13D%2FA&dateRange=custom&startdt=2018-01-01&enddt=2021-12-31 || prior_rofr: https://efts.sec.gov/LATEST/search-index?q=PTLA+%22Portola+Pharmaceuticals%22+%22right+of+first+refusal%22+OR+%22right+of+first+negotiation%22+OR+%22option+to+acquire%22&forms=8-K%2C10-K%2C10-Q%2CEX-10&dateRange=custom&startdt=2018-01-01&enddt=2021-12-31,LOW,"Start with merger proxy or Schedule 14D-9 background, then run targeted pre-announcement EDGAR searches.",No local source-backed prior public signal found yet. Search target generated only.
RHC-0043-ACQUIRED-TRIL,TRIL,Trillium Therapeutics Inc.,,SEARCH_TARGET_ONLY,targeted public pre-announcement signal search,,,prior_process: https://efts.sec.gov/LATEST/search-index?q=TRIL+%22Trillium+Therapeutics+Inc.%22+%22strategic+alternatives%22+OR+%22financial+advisor%22+OR+%22review+of+strategic+alternatives%22&forms=8-K%2C10-Q%2C10-K&dateRange=custom&startdt=2018-01-01&enddt=2021-12-31 || prior_13d: https://efts.sec.gov/LATEST/search-index?q=TRIL+%22Trillium+Therapeutics+Inc.%22+%22Item+4%22+OR+%22strategic+alternatives%22+OR+%22maximize+shareholder+value%22&forms=SC+13D%2CSC+13D%2FA&dateRange=custom&startdt=2018-01-01&enddt=2021-12-31 || prior_rofr: https://efts.sec.gov/LATEST/search-index?q=TRIL+%22Trillium+Therapeutics+Inc.%22+%22right+of+first+refusal%22+OR+%22right+of+first+negotiation%22+OR+%22option+to+acquire%22&forms=8-K%2C10-K%2C10-Q%2CEX-10&dateRange=custom&startdt=2018-01-01&enddt=2021-12-31,LOW,"Start with merger proxy or Schedule 14D-9 background, then run targeted pre-announcement EDGAR searches.",No local source-backed prior public signal found yet. Search target generated only.
RHC-0044-ACQUIRED-VIE,VIE,"Viela Bio, Inc.",,SEARCH_TARGET_ONLY,targeted public pre-announcement signal search,,,prior_process: https://efts.sec.gov/LATEST/search-index?q=VIE+%22Viela+Bio%2C+Inc.%22+%22strategic+alternatives%22+OR+%22financial+advisor%22+OR+%22review+of+strategic+alternatives%22&forms=8-K%2C10-Q%2C10-K&dateRange=custom&startdt=2018-01-01&enddt=2021-12-31 || prior_13d: https://efts.sec.gov/LATEST/search-index?q=VIE+%22Viela+Bio%2C+Inc.%22+%22Item+4%22+OR+%22strategic+alternatives%22+OR+%22maximize+shareholder+value%22&forms=SC+13D%2CSC+13D%2FA&dateRange=custom&startdt=2018-01-01&enddt=2021-12-31 || prior_rofr: https://efts.sec.gov/LATEST/search-index?q=VIE+%22Viela+Bio%2C+Inc.%22+%22right+of+first+refusal%22+OR+%22right+of+first+negotiation%22+OR+%22option+to+acquire%22&forms=8-K%2C10-K%2C10-Q%2CEX-10&dateRange=custom&startdt=2018-01-01&enddt=2021-12-31,LOW,"Start with merger proxy or Schedule 14D-9 background, then run targeted pre-announcement EDGAR searches.",No local source-backed prior public signal found yet. Search target generated only.
RHC-0045-ACQUIRED-XLRN,XLRN,Acceleron Pharma Inc.,,SEARCH_TARGET_ONLY,targeted public pre-announcement signal search,,,prior_process: https://efts.sec.gov/LATEST/search-index?q=XLRN+%22Acceleron+Pharma+Inc.%22+%22strategic+alternatives%22+OR+%22financial+advisor%22+OR+%22review+of+strategic+alternatives%22&forms=8-K%2C10-Q%2C10-K&dateRange=custom&startdt=2018-01-01&enddt=2021-12-31 || prior_13d: https://efts.sec.gov/LATEST/search-index?q=XLRN+%22Acceleron+Pharma+Inc.%22+%22Item+4%22+OR+%22strategic+alternatives%22+OR+%22maximize+shareholder+value%22&forms=SC+13D%2CSC+13D%2FA&dateRange=custom&startdt=2018-01-01&enddt=2021-12-31 || prior_rofr: https://efts.sec.gov/LATEST/search-index?q=XLRN+%22Acceleron+Pharma+Inc.%22+%22right+of+first+refusal%22+OR+%22right+of+first+negotiation%22+OR+%22option+to+acquire%22&forms=8-K%2C10-K%2C10-Q%2CEX-10&dateRange=custom&startdt=2018-01-01&enddt=2021-12-31,LOW,"Start with merger proxy or Schedule 14D-9 background, then run targeted pre-announcement EDGAR searches.",No local source-backed prior public signal found yet. Search target generated only.
RHC-0046-ACQUIRED-ATRS,ATRS,Antares Pharma,,SEARCH_TARGET_ONLY,targeted public pre-announcement signal search,,,prior_process: https://efts.sec.gov/LATEST/search-index?q=ATRS+%22Antares+Pharma%22+%22strategic+alternatives%22+OR+%22financial+advisor%22+OR+%22review+of+strategic+alternatives%22&forms=8-K%2C10-Q%2C10-K&dateRange=custom&startdt=2019-01-01&enddt=2022-12-31 || prior_13d: https://efts.sec.gov/LATEST/search-index?q=ATRS+%22Antares+Pharma%22+%22Item+4%22+OR+%22strategic+alternatives%22+OR+%22maximize+shareholder+value%22&forms=SC+13D%2CSC+13D%2FA&dateRange=custom&startdt=2019-01-01&enddt=2022-12-31 || prior_rofr: https://efts.sec.gov/LATEST/search-index?q=ATRS+%22Antares+Pharma%22+%22right+of+first+refusal%22+OR+%22right+of+first+negotiation%22+OR+%22option+to+acquire%22&forms=8-K%2C10-K%2C10-Q%2CEX-10&dateRange=custom&startdt=2019-01-01&enddt=2022-12-31,LOW,"Start with merger proxy or Schedule 14D-9 background, then run targeted pre-announcement EDGAR searches.",No local source-backed prior public signal found yet. Search target generated only.
RHC-0047-ACQUIRED-AVEO,AVEO,AVEO Oncology,,SEARCH_TARGET_ONLY,targeted public pre-announcement signal search,,,prior_process: https://efts.sec.gov/LATEST/search-index?q=AVEO+%22AVEO+Oncology%22+%22strategic+alternatives%22+OR+%22financial+advisor%22+OR+%22review+of+strategic+alternatives%22&forms=8-K%2C10-Q%2C10-K&dateRange=custom&startdt=2019-01-01&enddt=2022-12-31 || prior_13d: https://efts.sec.gov/LATEST/search-index?q=AVEO+%22AVEO+Oncology%22+%22Item+4%22+OR+%22strategic+alternatives%22+OR+%22maximize+shareholder+value%22&forms=SC+13D%2CSC+13D%2FA&dateRange=custom&startdt=2019-01-01&enddt=2022-12-31 || prior_rofr: https://efts.sec.gov/LATEST/search-index?q=AVEO+%22AVEO+Oncology%22+%22right+of+first+refusal%22+OR+%22right+of+first+negotiation%22+OR+%22option+to+acquire%22&forms=8-K%2C10-K%2C10-Q%2CEX-10&dateRange=custom&startdt=2019-01-01&enddt=2022-12-31,LOW,"Start with merger proxy or Schedule 14D-9 background, then run targeted pre-announcement EDGAR searches.",No local source-backed prior public signal found yet. Search target generated only.
RHC-0048-ACQUIRED-BHVN,BHVN,Biohaven Pharmaceutical Holding Company Ltd.,,SEARCH_TARGET_ONLY,targeted public pre-announcement signal search,,,prior_process: https://efts.sec.gov/LATEST/search-index?q=BHVN+%22Biohaven+Pharmaceutical+Holding+Company+Ltd.%22+%22strategic+alternatives%22+OR+%22financial+advisor%22+OR+%22review+of+strategic+alternatives%22&forms=8-K%2C10-Q%2C10-K&dateRange=custom&startdt=2019-01-01&enddt=2022-12-31 || prior_13d: https://efts.sec.gov/LATEST/search-index?q=BHVN+%22Biohaven+Pharmaceutical+Holding+Company+Ltd.%22+%22Item+4%22+OR+%22strategic+alternatives%22+OR+%22maximize+shareholder+value%22&forms=SC+13D%2CSC+13D%2FA&dateRange=custom&startdt=2019-01-01&enddt=2022-12-31 || prior_rofr: https://efts.sec.gov/LATEST/search-index?q=BHVN+%22Biohaven+Pharmaceutical+Holding+Company+Ltd.%22+%22right+of+first+refusal%22+OR+%22right+of+first+negotiation%22+OR+%22option+to+acquire%22&forms=8-K%2C10-K%2C10-Q%2CEX-10&dateRange=custom&startdt=2019-01-01&enddt=2022-12-31,LOW,"Start with merger proxy or Schedule 14D-9 background, then run targeted pre-announcement EDGAR searches.",No local source-backed prior public signal found yet. Search target generated only.
RHC-0049-ACQUIRED-CCXI,CCXI,"ChemoCentryx, Inc.",,SEARCH_TARGET_ONLY,targeted public pre-announcement signal search,,,prior_process: https://efts.sec.gov/LATEST/search-index?q=CCXI+%22ChemoCentryx%2C+Inc.%22+%22strategic+alternatives%22+OR+%22financial+advisor%22+OR+%22review+of+strategic+alternatives%22&forms=8-K%2C10-Q%2C10-K&dateRange=custom&startdt=2019-01-01&enddt=2022-12-31 || prior_13d: https://efts.sec.gov/LATEST/search-index?q=CCXI+%22ChemoCentryx%2C+Inc.%22+%22Item+4%22+OR+%22strategic+alternatives%22+OR+%22maximize+shareholder+value%22&forms=SC+13D%2CSC+13D%2FA&dateRange=custom&startdt=2019-01-01&enddt=2022-12-31 || prior_rofr: https://efts.sec.gov/LATEST/search-index?q=CCXI+%22ChemoCentryx%2C+Inc.%22+%22right+of+first+refusal%22+OR+%22right+of+first+negotiation%22+OR+%22option+to+acquire%22&forms=8-K%2C10-K%2C10-Q%2CEX-10&dateRange=custom&startdt=2019-01-01&enddt=2022-12-31,LOW,"Start with merger proxy or Schedule 14D-9 background, then run targeted pre-announcement EDGAR searches.",No local source-backed prior public signal found yet. Search target generated only.
RHC-0050-ACQUIRED-CMPI,CMPI,Checkmate Pharmaceuticals,,SEARCH_TARGET_ONLY,targeted public pre-announcement signal search,,,prior_process: https://efts.sec.gov/LATEST/search-index?q=CMPI+%22Checkmate+Pharmaceuticals%22+%22strategic+alternatives%22+OR+%22financial+advisor%22+OR+%22review+of+strategic+alternatives%22&forms=8-K%2C10-Q%2C10-K&dateRange=custom&startdt=2019-01-01&enddt=2022-12-31 || prior_13d: https://efts.sec.gov/LATEST/search-index?q=CMPI+%22Checkmate+Pharmaceuticals%22+%22Item+4%22+OR+%22strategic+alternatives%22+OR+%22maximize+shareholder+value%22&forms=SC+13D%2CSC+13D%2FA&dateRange=custom&startdt=2019-01-01&enddt=2022-12-31 || prior_rofr: https://efts.sec.gov/LATEST/search-index?q=CMPI+%22Checkmate+Pharmaceuticals%22+%22right+of+first+refusal%22+OR+%22right+of+first+negotiation%22+OR+%22option+to+acquire%22&forms=8-K%2C10-K%2C10-Q%2CEX-10&dateRange=custom&startdt=2019-01-01&enddt=2022-12-31,LOW,"Start with merger proxy or Schedule 14D-9 background, then run targeted pre-announcement EDGAR searches.",No local source-backed prior public signal found yet. Search target generated only.
